<root>
<layer>
<index>0</index>
<zvalue>0.050</zvalue>
<filename>layer_00.png</filename>
</layer>
<layer>
<index>1</index>
<zvalue>0.100</zvalue>
<filename>layer_01.png</filename>
</layer>
<layer>
<index>2</index>
<zvalue>0.150</zvalue>
<filename>layer_02.png</filename>
</layer>
<layer>
<index>3</index>
<zvalue>0.200</zvalue>
<filename>layer_03.png</filename>
</layer>
<layer>
<index>4</index>
<zvalue>0.250</zvalue>
<filename>layer_04.png</filename>
</layer>
<layer>
<index>5</index>
<zvalue>0.300</zvalue>
<filename>layer_05.png</filename>
</layer>
<layer>
<index>6</index>
<zvalue>0.350</zvalue>
<filename>layer_06.png</filename>
</layer>
<layer>
<index>7</index>
<zvalue>0.400</zvalue>
<filename>layer_07.png</filename>
</layer>
<layer>
<index>8</index>
<zvalue>0.450</zvalue>
<filename>layer_08.png</filename>
</layer>
<layer>
<index>9</index>
<zvalue>0.500</zvalue>
<filename>layer_09.png</filename>
</layer>
<layer>
<index>10</index>
<zvalue>0.550</zvalue>
<filename>layer_10.png</filename>
</layer>
<layer>
<index>11</index>
<zvalue>0.600</zvalue>
<filename>layer_11.png</filename>
</layer>
<layer>
<index>12</index>
<zvalue>0.650</zvalue>
<filename>layer_12.png</filename>
</layer>
<layer>
<index>13</index>
<zvalue>0.700</zvalue>
<filename>layer_13.png</filename>
</layer>
<layer>
<index>14</index>
<zvalue>0.750</zvalue>
<filename>layer_14.png</filename>
</layer>
<layer>
<index>15</index>
<zvalue>0.800</zvalue>
<filename>layer_15.png</filename>
</layer>
<layer>
<index>16</index>
<zvalue>0.850</zvalue>
<filename>layer_16.png</filename>
</layer>
<layer>
<index>17</index>
<zvalue>0.900</zvalue>
<filename>layer_17.png</filename>
</layer>
<layer>
<index>18</index>
<zvalue>0.950</zvalue>
<filename>layer_18.png</filename>
</layer>
<layer>
<index>19</index>
<zvalue>1.000</zvalue>
<filename>layer_19.png</filename>
</layer>
<layer>
<index>20</index>
<zvalue>1.050</zvalue>
<filename>layer_20.png</filename>
</layer>
<layer>
<index>21</index>
<zvalue>1.100</zvalue>
<filename>layer_21.png</filename>
</layer>
<layer>
<index>22</index>
<zvalue>1.150</zvalue>
<filename>layer_22.png</filename>
</layer>
<layer>
<index>23</index>
<zvalue>1.200</zvalue>
<filename>layer_23.png</filename>
</layer>
<layer>
<index>24</index>
<zvalue>1.250</zvalue>
<filename>layer_24.png</filename>
</layer>
<layer>
<index>25</index>
<zvalue>1.300</zvalue>
<filename>layer_25.png</filename>
</layer>
<layer>
<index>26</index>
<zvalue>1.350</zvalue>
<filename>layer_26.png</filename>
</layer>
<layer>
<index>27</index>
<zvalue>1.400</zvalue>
<filename>layer_27.png</filename>
</layer>
<layer>
<index>28</index>
<zvalue>1.450</zvalue>
<filename>layer_28.png</filename>
</layer>
<layer>
<index>29</index>
<zvalue>1.500</zvalue>
<filename>layer_29.png</filename>
</layer>
<layer>
<index>30</index>
<zvalue>1.550</zvalue>
<filename>layer_30.png</filename>
</layer>
<layer>
<index>31</index>
<zvalue>1.600</zvalue>
<filename>layer_31.png</filename>
</layer>
<layer>
<index>32</index>
<zvalue>1.650</zvalue>
<filename>layer_32.png</filename>
</layer>
<layer>
<index>33</index>
<zvalue>1.700</zvalue>
<filename>layer_33.png</filename>
</layer>
<layer>
<index>34</index>
<zvalue>1.750</zvalue>
<filename>layer_34.png</filename>
</layer>
<layer>
<index>35</index>
<zvalue>1.800</zvalue>
<filename>layer_35.png</filename>
</layer>
<layer>
<index>36</index>
<zvalue>1.850</zvalue>
<filename>layer_36.png</filename>
</layer>
<layer>
<index>37</index>
<zvalue>1.900</zvalue>
<filename>layer_37.png</filename>
</layer>
<layer>
<index>38</index>
<zvalue>1.950</zvalue>
<filename>layer_38.png</filename>
</layer>
<layer>
<index>39</index>
<zvalue>2.000</zvalue>
<filename>layer_39.png</filename>
</layer>
<layer>
<index>40</index>
<zvalue>2.050</zvalue>
<filename>layer_40.png</filename>
</layer>
<layer>
<index>41</index>
<zvalue>2.100</zvalue>
<filename>layer_41.png</filename>
</layer>
<layer>
<index>42</index>
<zvalue>2.150</zvalue>
<filename>layer_42.png</filename>
</layer>
<layer>
<index>43</index>
<zvalue>2.200</zvalue>
<filename>layer_43.png</filename>
</layer>
<layer>
<index>44</index>
<zvalue>2.250</zvalue>
<filename>layer_44.png</filename>
</layer>
<layer>
<index>45</index>
<zvalue>2.300</zvalue>
<filename>layer_45.png</filename>
</layer>
<layer>
<index>46</index>
<zvalue>2.350</zvalue>
<filename>layer_46.png</filename>
</layer>
<layer>
<index>47</index>
<zvalue>2.400</zvalue>
<filename>layer_47.png</filename>
</layer>
<layer>
<index>48</index>
<zvalue>2.450</zvalue>
<filename>layer_48.png</filename>
</layer>
<layer>
<index>49</index>
<zvalue>2.500</zvalue>
<filename>layer_49.png</filename>
</layer>
<layer>
<index>50</index>
<zvalue>2.550</zvalue>
<filename>layer_50.png</filename>
</layer>
<layer>
<index>51</index>
<zvalue>2.600</zvalue>
<filename>layer_51.png</filename>
</layer>
<layer>
<index>52</index>
<zvalue>2.650</zvalue>
<filename>layer_52.png</filename>
</layer>
<layer>
<index>53</index>
<zvalue>2.700</zvalue>
<filename>layer_53.png</filename>
</layer>
<layer>
<index>54</index>
<zvalue>2.750</zvalue>
<filename>layer_54.png</filename>
</layer>
<layer>
<index>55</index>
<zvalue>2.800</zvalue>
<filename>layer_55.png</filename>
</layer>
<layer>
<index>56</index>
<zvalue>2.850</zvalue>
<filename>layer_56.png</filename>
</layer>
<layer>
<index>57</index>
<zvalue>2.900</zvalue>
<filename>layer_57.png</filename>
</layer>
<layer>
<index>58</index>
<zvalue>2.950</zvalue>
<filename>layer_58.png</filename>
</layer>
<layer>
<index>59</index>
<zvalue>3.000</zvalue>
<filename>layer_59.png</filename>
</layer>
<layer>
<index>60</index>
<zvalue>3.050</zvalue>
<filename>layer_60.png</filename>
</layer>
<layer>
<index>61</index>
<zvalue>3.100</zvalue>
<filename>layer_61.png</filename>
</layer>
<layer>
<index>62</index>
<zvalue>3.150</zvalue>
<filename>layer_62.png</filename>
</layer>
<layer>
<index>63</index>
<zvalue>3.200</zvalue>
<filename>layer_63.png</filename>
</layer>
<layer>
<index>64</index>
<zvalue>3.250</zvalue>
<filename>layer_64.png</filename>
</layer>
<layer>
<index>65</index>
<zvalue>3.300</zvalue>
<filename>layer_65.png</filename>
</layer>
<layer>
<index>66</index>
<zvalue>3.350</zvalue>
<filename>layer_66.png</filename>
</layer>
<layer>
<index>67</index>
<zvalue>3.400</zvalue>
<filename>layer_67.png</filename>
</layer>
<layer>
<index>68</index>
<zvalue>3.450</zvalue>
<filename>layer_68.png</filename>
</layer>
<layer>
<index>69</index>
<zvalue>3.500</zvalue>
<filename>layer_69.png</filename>
</layer>
<layer>
<index>70</index>
<zvalue>3.550</zvalue>
<filename>layer_70.png</filename>
</layer>
<layer>
<index>71</index>
<zvalue>3.600</zvalue>
<filename>layer_71.png</filename>
</layer>
<layer>
<index>72</index>
<zvalue>3.650</zvalue>
<filename>layer_72.png</filename>
</layer>
<layer>
<index>73</index>
<zvalue>3.700</zvalue>
<filename>layer_73.png</filename>
</layer>
<layer>
<index>74</index>
<zvalue>3.750</zvalue>
<filename>layer_74.png</filename>
</layer>
<layer>
<index>75</index>
<zvalue>3.800</zvalue>
<filename>layer_75.png</filename>
</layer>
<layer>
<index>76</index>
<zvalue>3.850</zvalue>
<filename>layer_76.png</filename>
</layer>
<layer>
<index>77</index>
<zvalue>3.900</zvalue>
<filename>layer_77.png</filename>
</layer>
<layer>
<index>78</index>
<zvalue>3.950</zvalue>
<filename>layer_78.png</filename>
</layer>
<layer>
<index>79</index>
<zvalue>4.000</zvalue>
<filename>layer_79.png</filename>
</layer>
<layer>
<index>80</index>
<zvalue>4.050</zvalue>
<filename>layer_80.png</filename>
</layer>
</root>
